{"stats":{"minecraft:custom":{"minecraft:mob_kills":74,"minecraft:interact_with_crafting_table":60,"minecraft:open_shulker_box":10,"minecraft:leave_game":8,"minecraft:time_since_death":53608,"minecraft:climb_one_cm":6854,"minecraft:sprint_one_cm":537604,"minecraft:walk_one_cm":552041,"minecraft:damage_blocked_by_shield":2265,"minecraft:drop":303,"minecraft:talked_to_villager":1,"minecraft:play_time":259443,"minecraft:sneak_time":37344,"minecraft:deaths":10,"minecraft:walk_under_water_one_cm":28555,"minecraft:jump":3789,"minecraft:walk_on_water_one_cm":26375,"minecraft:total_world_time":259443,"minecraft:interact_with_furnace":88,"minecraft:sleep_in_bed":4,"minecraft:time_since_rest":53708,"minecraft:damage_taken":6307,"minecraft:damage_dealt":10163,"minecraft:swim_one_cm":44279,"minecraft:fly_one_cm":969769,"minecraft:open_chest":52,"minecraft:crouch_one_cm":95785,"minecraft:interact_with_smoker":15,"minecraft:fall_one_cm":114524},"minecraft:crafted":{"minecraft:oak_planks":64,"minecraft:stone_shovel":3,"minecraft:leather_boots":1,"minecraft:furnace":4,"minecraft:iron_boots":1,"minecraft:iron_axe":2,"minecraft:stone_pickaxe":4,"minecraft:chest":1,"minecraft:diamond_boots":1,"minecraft:wheat":45,"minecraft:cooked_beef":10,"minecraft:wooden_shovel":1,"minecraft:cooked_porkchop":6,"minecraft:crafting_table":7,"minecraft:spruce_planks":60,"minecraft:wooden_pickaxe":4,"minecraft:iron_helmet":1,"minecraft:spruce_door":3,"minecraft:leather_helmet":1,"minecraft:birch_planks":56,"minecraft:stone_axe":3,"minecraft:bread":15,"minecraft:air":0,"minecraft:iron_chestplate":1,"minecraft:shield":1,"minecraft:stick":60,"minecraft:iron_ingot":35,"minecraft:iron_pickaxe":3,"minecraft:wooden_axe":5,"minecraft:iron_leggings":1,"minecraft:white_bed":2,"minecraft:acacia_planks":64,"minecraft:torch":4},"minecraft:dropped":{"minecraft:bread":25,"minecraft:iron_sword":1,"minecraft:birch_planks":17,"minecraft:porkchop":8,"minecraft:wheat_seeds":5,"minecraft:lapis_lazuli":26,"minecraft:feather":8,"minecraft:cobblestone":41,"minecraft:leather":2,"minecraft:emerald":5,"minecraft:stick":1,"minecraft:dirt":9,"minecraft:torch":19,"minecraft:gray_bed":1,"minecraft:wooden_axe":2,"minecraft:yellow_shulker_box":2,"minecraft:wooden_sword":1,"minecraft:sunflower":1,"minecraft:sand":1,"minecraft:iron_pickaxe":3,"minecraft:iron_shovel":1,"minecraft:bone":7,"minecraft:furnace":1,"minecraft:stone_axe":1,"minecraft:stone_sword":1,"minecraft:cobbled_deepslate":29,"minecraft:tuff":14,"minecraft:rotten_flesh":2,"minecraft:oak_planks":6,"minecraft:honey_bottle":2,"minecraft:suspicious_stew":2,"minecraft:potato":30,"minecraft:shield":1,"minecraft:spruce_planks":2,"minecraft:barrel":2,"minecraft:spruce_log":12,"minecraft:arrow":9,"minecraft:beef":5,"minecraft:stone_pickaxe":2,"minecraft:wooden_pickaxe":3},"minecraft:used":{"minecraft:oak_fence":1,"minecraft:stone_sword":66,"minecraft:acacia_log":2,"minecraft:stone_shovel":398,"minecraft:redstone":1,"minecraft:chest":1,"minecraft:shield":48,"minecraft:iron_sword":19,"minecraft:wooden_shovel":59,"minecraft:rotten_flesh":4,"minecraft:iron_chestplate":1,"minecraft:torch":6,"minecraft:dirt":201,"minecraft:mutton":7,"minecraft:obsidian":8,"minecraft:dark_oak_planks":2,"minecraft:wooden_axe":98,"minecraft:iron_axe":34,"minecraft:iron_helmet":1,"minecraft:iron_boots":1,"minecraft:light_gray_wool":1,"minecraft:golden_carrot":10,"minecraft:magma_block":3,"minecraft:furnace":9,"minecraft:gray_bed":1,"minecraft:egg":5,"minecraft:cooked_beef":7,"minecraft:cobbled_deepslate":35,"minecraft:acacia_planks":3,"minecraft:iron_leggings":1,"minecraft:diorite":2,"minecraft:spruce_door":3,"minecraft:oak_planks":6,"minecraft:yellow_shulker_box":2,"minecraft:stone_pickaxe":276,"minecraft:blackstone":1,"minecraft:wooden_pickaxe":67,"minecraft:leather_chestplate":2,"minecraft:tnt":1,"minecraft:crafting_table":21,"minecraft:white_bed":3,"minecraft:spruce_log":13,"bosses_of_mass_destruction:soul_star":1,"minecraft:diamond_pickaxe":226,"minecraft:apple":14,"minecraft:chicken":5,"minecraft:iron_pickaxe":30,"minecraft:sunflower":1,"minecraft:bread":19,"minecraft:stone_axe":140,"minecraft:wooden_sword":15,"minecraft:cobblestone":29,"minecraft:porkchop":7,"minecraft:cooked_porkchop":9},"minecraft:broken":{"minecraft:wooden_shovel":1,"minecraft:stone_pickaxe":1,"minecraft:stone_shovel":3},"minecraft:picked_up":{"minecraft:wooden_axe":1,"minecraft:iron_chestplate":1,"minecraft:crafting_table":18,"minecraft:wheat":8,"minecraft:chicken":7,"minecraft:suspicious_stew":3,"minecraft:wooden_pickaxe":1,"minecraft:shield":6,"minecraft:amethyst_block":4,"minecraft:string":9,"minecraft:iron_leggings":1,"minecraft:raw_copper":5,"minecraft:wooden_sword":1,"minecraft:iron_shovel":1,"minecraft:blackstone":1,"minecraft:beetroot":1,"minecraft:cobbled_deepslate":232,"bosses_of_mass_destruction:soul_star":1,"minecraft:spruce_planks":4,"minecraft:beef":43,"minecraft:calcite":3,"minecraft:iron_nugget":1,"minecraft:iron_pickaxe":5,"minecraft:light_gray_wool":1,"minecraft:chest":2,"minecraft:furnace":12,"minecraft:egg":6,"minecraft:stick":5,"minecraft:raw_iron":60,"minecraft:oak_fence":1,"minecraft:torch":56,"minecraft:acacia_log":18,"minecraft:porkchop":24,"minecraft:diorite":49,"minecraft:carrot":25,"minecraft:redstone":30,"minecraft:dark_oak_planks":11,"minecraft:tnt":21,"minecraft:stone_sword":4,"minecraft:arrow":19,"minecraft:stone_shovel":1,"minecraft:honey_bottle":4,"minecraft:rotten_flesh":8,"minecraft:beetroot_seeds":3,"minecraft:shears":1,"minecraft:diamond_boots":1,"minecraft:hay_block":13,"minecraft:obsidian":8,"minecraft:mutton":21,"minecraft:white_wool":15,"minecraft:cobblestone":279,"minecraft:stripped_oak_log":10,"minecraft:birch_log":14,"minecraft:magma_block":7,"minecraft:yellow_shulker_box":5,"minecraft:leather_chestplate":2,"minecraft:feather":11,"minecraft:golden_carrot":17,"minecraft:tripwire_hook":1,"minecraft:water_bucket":1,"minecraft:leather":20,"minecraft:potato":38,"minecraft:birch_planks":21,"minecraft:flint":2,"minecraft:tuff":31,"minecraft:oak_log":10,"minecraft:lapis_lazuli":52,"minecraft:dirt":489,"minecraft:white_banner":1,"minecraft:bone":15,"minecraft:apple":15,"minecraft:kelp":12,"minecraft:wheat_seeds":16,"minecraft:iron_ingot":11,"minecraft:stone_pickaxe":3,"minecraft:cobweb":2,"minecraft:gray_bed":3,"minecraft:iron_sword":3,"minecraft:oak_planks":8,"minecraft:smooth_basalt":6,"minecraft:cooked_porkchop":10,"minecraft:sweet_berries":10,"minecraft:gravel":13,"minecraft:sand":2,"minecraft:amethyst_shard":4,"minecraft:white_bed":1,"minecraft:spruce_log":58,"minecraft:dark_oak_log":7,"minecraft:spruce_door":1,"minecraft:barrel":2,"minecraft:mossy_cobblestone":3,"minecraft:sugar":4,"minecraft:diamond":4,"minecraft:stone_axe":4,"minecraft:crossbow":1,"minecraft:granite":3,"minecraft:bread":73,"minecraft:emerald":7,"minecraft:terracotta":1,"minecraft:oak_sapling":2,"minecraft:coal":182,"minecraft:sunflower":3,"minecraft:diamond_pickaxe":2},"minecraft:killed_by":{"minecraft:creeper":1,"minecraft:skeleton":3,"minecraft:zombie":2},"minecraft:mined":{"minecraft:large_amethyst_bud":1,"minecraft:tuff":15,"minecraft:white_bed":1,"minecraft:mossy_cobblestone":2,"minecraft:deepslate_diamond_ore":2,"minecraft:sculk_vein":1,"minecraft:obsidian":8,"minecraft:granite":3,"minecraft:acacia_log":18,"minecraft:grass_block":344,"minecraft:redstone_wire":1,"minecraft:spruce_leaves":5,"minecraft:kelp":10,"minecraft:hay_block":10,"minecraft:magma_block":5,"minecraft:carrots":4,"minecraft:furnace":9,"minecraft:fire":5,"minecraft:iron_ore":20,"minecraft:cobbled_deepslate":7,"minecraft:deepslate_lapis_ore":4,"minecraft:sculk_shrieker":1,"minecraft:potatoes":2,"minecraft:deepslate_iron_ore":33,"minecraft:stripped_oak_log":10,"minecraft:stone":218,"minecraft:yellow_shulker_box":1,"minecraft:acacia_leaves":2,"minecraft:blackstone":1,"minecraft:amethyst_cluster":1,"minecraft:spruce_door":2,"minecraft:powder_snow":5,"minecraft:oak_fence":1,"minecraft:crafting_table":19,"minecraft:torch":2,"minecraft:calcite":5,"minecraft:chest":2,"minecraft:tall_grass":31,"minecraft:deepslate_coal_ore":4,"minecraft:cobblestone":44,"minecraft:oak_planks":2,"minecraft:wall_torch":4,"minecraft:sculk":3,"minecraft:diorite":49,"minecraft:amethyst_block":2,"minecraft:seagrass":1,"minecraft:birch_log":14,"minecraft:sweet_berry_bush":2,"minecraft:wheat":5,"minecraft:gray_bed":1,"minecraft:spruce_log":41,"minecraft:birch_leaves":1,"minecraft:light_gray_wool":1,"minecraft:tnt":16,"minecraft:grass":58,"minecraft:coal_ore":77,"minecraft:oak_log":10,"minecraft:beetroots":1,"minecraft:gravel":14,"minecraft:dirt":129,"minecraft:sand":1,"minecraft:cobweb":3,"minecraft:smooth_basalt":5,"minecraft:terracotta":1,"minecraft:deepslate_emerald_ore":2,"minecraft:oak_leaves":2,"minecraft:deepslate":48},"minecraft:killed":{"minecraft:witch":1,"minecraft:spider":1,"minecraft:skeleton":3,"minecraft:horse":2,"minecraft:chicken":7,"minecraft:pig":7,"minecraft:salmon":1,"minecraft:creeper":2,"minecraft:sheep":15,"minecraft:pillager":8,"minecraft:zombie":9,"minecraft:cow":14}},"DataVersion":3465}