{"stats":{"minecraft:crafted":{"minecraft:oak_planks":16,"minecraft:iron_nugget":1,"minecraft:cooked_chicken":2,"minecraft:furnace":2,"minecraft:bone_meal":21,"minecraft:cooked_mutton":4,"minecraft:flint_and_steel":2,"minecraft:diamond_helmet":1,"minecraft:diamond_leggings":1,"minecraft:iron_boots":1,"minecraft:iron_axe":2,"minecraft:stone_pickaxe":2,"minecraft:diamond_boots":1,"minecraft:chest":4,"minecraft:dark_oak_planks":16,"minecraft:cooked_beef":13,"minecraft:diamond_sword":1,"minecraft:cooked_porkchop":5,"minecraft:diamond_axe":1,"minecraft:crafting_table":7,"minecraft:enchanting_table":1,"minecraft:spruce_planks":196,"minecraft:wooden_pickaxe":2,"minecraft:iron_helmet":2,"minecraft:iron_sword":2,"minecraft:bucket":3,"minecraft:birch_planks":40,"minecraft:stone_axe":2,"minecraft:air":0,"minecraft:wooden_hoe":1,"minecraft:book":2,"minecraft:iron_chestplate":2,"minecraft:paper":6,"minecraft:diamond_pickaxe":1,"minecraft:shield":1,"minecraft:stick":40,"minecraft:iron_ingot":88,"minecraft:iron_pickaxe":2,"minecraft:wooden_axe":2,"minecraft:stone_sword":2,"minecraft:iron_shovel":1,"minecraft:iron_leggings":2,"minecraft:torch":4,"minecraft:shears":2},"minecraft:killed_by":{"minecraft:creeper":1,"minecraft:skeleton":1,"minecraft:zombie":1},"minecraft:mined":{"minecraft:large_amethyst_bud":2,"minecraft:tuff":3,"minecraft:spruce_planks":1,"minecraft:farmland":1,"minecraft:mossy_cobblestone":1,"minecraft:deepslate_diamond_ore":37,"minecraft:oak_door":5,"minecraft:dark_oak_log":4,"minecraft:obsidian":4,"minecraft:cave_vines_plant":8,"minecraft:granite":1,"minecraft:budding_amethyst":1,"minecraft:grass_block":32,"minecraft:spruce_leaves":4,"minecraft:moss_block":4,"minecraft:large_fern":1,"minecraft:magma_block":1,"minecraft:furnace":4,"minecraft:iron_ore":43,"minecraft:cobbled_deepslate":30,"minecraft:fire":7,"minecraft:andesite":1,"minecraft:stripped_spruce_log":1,"minecraft:deepslate_lapis_ore":4,"minecraft:enchanting_table":1,"minecraft:vine":1,"minecraft:potatoes":17,"minecraft:deepslate_iron_ore":6,"minecraft:cave_vines":14,"minecraft:stone":262,"minecraft:yellow_shulker_box":5,"minecraft:blackstone":137,"minecraft:medium_amethyst_bud":1,"minecraft:dandelion":2,"minecraft:powder_snow":1,"minecraft:crafting_table":6,"minecraft:torch":6,"minecraft:poppy":1,"minecraft:calcite":32,"minecraft:tall_grass":58,"minecraft:cobblestone":139,"minecraft:oak_planks":1,"minecraft:deepslate_gold_ore":8,"minecraft:sugar_cane":15,"minecraft:sculk":1,"minecraft:diorite":4,"minecraft:wall_torch":2,"minecraft:amethyst_block":24,"minecraft:deepslate_copper_ore":1,"minecraft:pink_petals":2,"minecraft:coarse_dirt":3,"minecraft:birch_log":15,"minecraft:gray_bed":2,"minecraft:torchflower":1,"minecraft:spruce_log":46,"minecraft:birch_leaves":5,"minecraft:tnt":17,"minecraft:grass":111,"minecraft:oak_log":10,"minecraft:coal_ore":14,"minecraft:sand":6,"minecraft:gravel":14,"minecraft:dirt":70,"minecraft:cobweb":60,"minecraft:smooth_basalt":5,"minecraft:gold_ore":4,"minecraft:oak_leaves":6,"minecraft:deepslate":132},"minecraft:broken":{"minecraft:stone_pickaxe":1,"minecraft:shield":1},"minecraft:killed":{"minecraft:cave_spider":2,"minecraft:spider":4,"minecraft:skeleton":3,"minecraft:chicken":4,"minecraft:drowned":4,"minecraft:pig":17,"minecraft:creeper":2,"minecraft:sheep":4,"minecraft:zombie":7,"minecraft:cow":3},"minecraft:picked_up":{"minecraft:wooden_axe":1,"minecraft:crafting_table":10,"minecraft:iron_chestplate":3,"minecraft:coarse_dirt":5,"minecraft:chicken":4,"minecraft:leather_leggings":1,"minecraft:wooden_pickaxe":4,"minecraft:shield":1,"minecraft:amethyst_block":24,"minecraft:string":15,"minecraft:moss_carpet":3,"minecraft:raw_copper":3,"minecraft:iron_axe":2,"minecraft:flint_and_steel":1,"minecraft:iron_leggings":1,"minecraft:iron_shovel":1,"minecraft:blackstone":139,"minecraft:cobbled_deepslate":410,"minecraft:spruce_planks":5,"minecraft:beef":7,"minecraft:poppy":1,"minecraft:calcite":31,"minecraft:light_gray_wool":2,"minecraft:iron_pickaxe":3,"minecraft:sugar_cane":15,"minecraft:furnace":5,"minecraft:iron_boots":2,"minecraft:egg":3,"minecraft:stick":3,"minecraft:raw_iron":54,"minecraft:oak_door":8,"minecraft:copper_ingot":1,"minecraft:oak_fence":2,"minecraft:torch":17,"minecraft:bowl":4,"minecraft:porkchop":90,"minecraft:diorite":4,"minecraft:stone_shovel":1,"minecraft:tnt":27,"minecraft:stone_sword":2,"minecraft:arrow":11,"minecraft:rotten_flesh":8,"minecraft:diamond_chestplate":1,"minecraft:shears":1,"minecraft:obsidian":4,"minecraft:glow_berries":15,"minecraft:mutton":9,"minecraft:enchanting_table":1,"minecraft:white_wool":3,"minecraft:cobblestone":462,"minecraft:birch_log":13,"minecraft:pink_petals":4,"minecraft:magma_block":2,"minecraft:yellow_shulker_box":17,"minecraft:feather":4,"minecraft:leather":6,"minecraft:potato":52,"minecraft:birch_planks":3,"minecraft:torchflower":1,"minecraft:flint":2,"minecraft:tuff":4,"minecraft:oak_log":10,"minecraft:gunpowder":2,"minecraft:lapis_lazuli":25,"minecraft:dirt":109,"minecraft:leather_boots":2,"minecraft:bone":6,"minecraft:wheat_seeds":16,"minecraft:raw_gold":13,"minecraft:iron_ingot":22,"minecraft:stone_pickaxe":7,"minecraft:cobweb":70,"minecraft:stone_hoe":1,"minecraft:gray_bed":3,"minecraft:moss_block":5,"minecraft:iron_sword":1,"minecraft:oak_planks":4,"minecraft:smooth_basalt":3,"minecraft:cooked_porkchop":1,"minecraft:poisonous_potato":1,"minecraft:sand":6,"minecraft:dandelion":2,"minecraft:stripped_spruce_log":1,"minecraft:gravel":41,"minecraft:spruce_sapling":7,"minecraft:grass_block":1,"minecraft:spruce_log":52,"minecraft:spider_eye":1,"minecraft:leather_helmet":1,"minecraft:dark_oak_log":4,"minecraft:mossy_cobblestone":1,"minecraft:diamond":37,"minecraft:stone_axe":4,"minecraft:iron_helmet":3,"minecraft:granite":34,"minecraft:bread":8,"minecraft:coal":127,"minecraft:sunflower":1,"minecraft:diamond_pickaxe":1},"minecraft:dropped":{"minecraft:iron_ingot":22,"minecraft:stone_hoe":2,"minecraft:iron_sword":1,"minecraft:birch_planks":7,"minecraft:wheat_seeds":1,"minecraft:tnt":6,"minecraft:iron_helmet":3,"minecraft:feather":2,"minecraft:grass_block":2,"minecraft:leather_helmet":2,"minecraft:coal":27,"minecraft:stick":4,"minecraft:cobweb":6,"minecraft:dirt":3,"minecraft:torch":1,"minecraft:wooden_axe":1,"minecraft:yellow_shulker_box":9,"minecraft:iron_leggings":2,"minecraft:iron_shovel":1,"minecraft:string":1,"minecraft:dark_oak_planks":6,"minecraft:bone":1,"minecraft:gravel":5,"minecraft:stone_axe":5,"minecraft:iron_nugget":1,"minecraft:stone_sword":4,"minecraft:cobbled_deepslate":22,"minecraft:bowl":4,"minecraft:tuff":1,"minecraft:stone_shovel":2,"minecraft:light_gray_wool":1,"minecraft:iron_boots":2,"minecraft:shears":1,"minecraft:flint_and_steel":2,"minecraft:suspicious_stew":1,"minecraft:spruce_planks":59,"minecraft:iron_chestplate":4,"minecraft:leather_boots":3,"minecraft:leather_leggings":2,"minecraft:arrow":4,"minecraft:wooden_pickaxe":3,"minecraft:stone_pickaxe":5,"minecraft:raw_gold":1,"minecraft:magma_block":1},"minecraft:used":{"minecraft:oak_fence":2,"minecraft:moss_block":1,"minecraft:enchanting_table":1,"minecraft:stone_sword":32,"minecraft:iron_shovel":38,"minecraft:flint_and_steel":29,"minecraft:spruce_planks":65,"minecraft:chest":4,"minecraft:shield":34,"minecraft:iron_sword":14,"minecraft:stone":34,"minecraft:oak_door":6,"minecraft:iron_chestplate":2,"minecraft:torch":10,"minecraft:dirt":376,"minecraft:mutton":3,"minecraft:tuff":2,"minecraft:granite":20,"minecraft:honey_bottle":4,"minecraft:wooden_axe":27,"minecraft:lava_bucket":1,"minecraft:iron_axe":13,"minecraft:grass_block":13,"minecraft:iron_helmet":1,"minecraft:iron_boots":2,"minecraft:diamond_chestplate":1,"minecraft:light_gray_wool":1,"minecraft:magma_block":1,"minecraft:sweet_berries":2,"minecraft:furnace":5,"minecraft:gray_bed":2,"minecraft:egg":1,"minecraft:potato":19,"minecraft:cooked_beef":7,"minecraft:cobbled_deepslate":180,"minecraft:iron_leggings":1,"minecraft:calcite":1,"minecraft:cooked_mutton":4,"minecraft:water_bucket":19,"minecraft:diorite":6,"minecraft:torchflower":2,"minecraft:birch_planks":8,"minecraft:stone_pickaxe":316,"minecraft:yellow_shulker_box":6,"minecraft:blackstone":38,"minecraft:wooden_pickaxe":31,"minecraft:diamond_axe":76,"minecraft:sugar_cane":11,"minecraft:golden_apple":1,"minecraft:glow_berries":17,"minecraft:mossy_cobblestone":1,"minecraft:tnt":32,"minecraft:crafting_table":13,"minecraft:spruce_log":6,"minecraft:shears":60,"minecraft:wooden_hoe":26,"minecraft:diamond_pickaxe":288,"minecraft:chicken":2,"minecraft:bread":32,"minecraft:iron_pickaxe":331,"minecraft:suspicious_stew":1,"minecraft:gravel":36,"minecraft:stone_axe":27,"minecraft:diamond_sword":11,"minecraft:cobblestone":402,"minecraft:cooked_porkchop":6,"minecraft:bucket":22,"minecraft:coarse_dirt":5,"minecraft:bone_meal":19,"minecraft:cobweb":10},"minecraft:custom":{"minecraft:mob_kills":50,"minecraft:interact_with_crafting_table":54,"minecraft:open_barrel":15,"minecraft:open_shulker_box":13,"minecraft:leave_game":15,"minecraft:time_since_death":139606,"minecraft:climb_one_cm":2443,"minecraft:sprint_one_cm":625582,"minecraft:walk_one_cm":715979,"minecraft:damage_blocked_by_shield":1830,"minecraft:drop":125,"minecraft:talked_to_villager":4,"minecraft:play_time":326828,"minecraft:sneak_time":46613,"minecraft:deaths":8,"minecraft:walk_under_water_one_cm":19246,"minecraft:jump":5223,"minecraft:walk_on_water_one_cm":29998,"minecraft:total_world_time":326828,"minecraft:interact_with_furnace":80,"minecraft:sleep_in_bed":2,"minecraft:time_since_rest":46497,"minecraft:damage_absorbed":40,"minecraft:damage_taken":5319,"minecraft:damage_dealt":7037,"minecraft:swim_one_cm":107292,"minecraft:fly_one_cm":1159896,"minecraft:open_chest":136,"minecraft:crouch_one_cm":101888,"minecraft:interact_with_smoker":5,"minecraft:fall_one_cm":144974}},"DataVersion":3465}