{"stats":{"minecraft:mined":{"minecraft:spruce_planks":25,"minecraft:white_bed":5,"minecraft:sculk_vein":2,"minecraft:granite":187,"minecraft:grass_block":303,"minecraft:tall_seagrass":1,"minecraft:magma_block":5,"minecraft:cobbled_deepslate":11,"minecraft:iron_ore":126,"minecraft:fire":10,"minecraft:barrel":3,"minecraft:deepslate_lapis_ore":6,"minecraft:sculk_shrieker":2,"minecraft:blackstone":121,"minecraft:kelp_plant":1,"minecraft:amethyst_cluster":3,"minecraft:powder_snow":1,"minecraft:clay":3,"minecraft:torch":20,"minecraft:calcite":5,"minecraft:chest":1,"minecraft:cobblestone":94,"minecraft:sugar_cane":6,"minecraft:oak_planks":2,"minecraft:wall_torch":15,"minecraft:amethyst_block":11,"minecraft:pink_petals":2,"minecraft:seagrass":7,"minecraft:white_terracotta":2,"minecraft:birch_log":41,"minecraft:wheat":8,"minecraft:tnt":33,"minecraft:grass":83,"minecraft:oak_log":12,"minecraft:beetroots":1,"minecraft:dirt":222,"minecraft:smooth_basalt":15,"minecraft:wither_skeleton_skull":1,"minecraft:oak_leaves":6,"minecraft:deepslate":53,"minecraft:diamond_ore":5,"minecraft:tuff":8,"minecraft:mossy_cobblestone":1,"minecraft:deepslate_diamond_ore":11,"minecraft:oak_door":21,"minecraft:ladder":1,"minecraft:spruce_leaves":8,"minecraft:kelp":16,"minecraft:moss_block":2,"minecraft:hay_block":22,"minecraft:furnace":6,"minecraft:carrots":4,"minecraft:bell":2,"minecraft:potatoes":2,"minecraft:deepslate_iron_ore":43,"minecraft:stripped_oak_log":20,"minecraft:stone":537,"minecraft:yellow_shulker_box":4,"minecraft:birch_stairs":9,"minecraft:glass_pane":4,"minecraft:dandelion":1,"minecraft:crafting_table":18,"minecraft:sculk_sensor":2,"minecraft:tall_grass":77,"minecraft:copper_ore":2,"minecraft:deepslate_coal_ore":6,"minecraft:deepslate_gold_ore":59,"minecraft:sculk":5,"minecraft:birch_planks":1,"minecraft:coarse_dirt":18,"minecraft:sweet_berry_bush":6,"minecraft:spruce_log":3,"minecraft:birch_leaves":7,"minecraft:coal_ore":233,"minecraft:gravel":21,"minecraft:cobweb":6,"minecraft:gold_ore":3,"minecraft:fern":2},"minecraft:picked_up":{"minecraft:iron_chestplate":4,"minecraft:wheat":2,"minecraft:suspicious_stew":5,"minecraft:potion":2,"minecraft:amethyst_block":37,"minecraft:string":20,"minecraft:iron_leggings":2,"minecraft:sculk_shrieker":1,"minecraft:beetroot":1,"minecraft:cobbled_deepslate":320,"minecraft:spruce_planks":30,"minecraft:calcite":25,"minecraft:iron_pickaxe":11,"minecraft:iron_boots":4,"minecraft:furnace":14,"minecraft:stick":13,"minecraft:oak_fence":1,"minecraft:torch":204,"minecraft:acacia_log":6,"minecraft:porkchop":105,"minecraft:stone_sword":7,"minecraft:honey_bottle":4,"minecraft:rotten_flesh":35,"minecraft:white_terracotta":4,"minecraft:cobblestone":1185,"minecraft:birch_log":42,"minecraft:pink_petals":1,"minecraft:magma_block":9,"minecraft:leather_chestplate":5,"minecraft:feather":1,"minecraft:water_bucket":1,"minecraft:andesite":1,"minecraft:black_bed":1,"minecraft:brown_wool":4,"minecraft:smoker":2,"minecraft:potato":43,"minecraft:flint":15,"minecraft:tuff":46,"minecraft:wither_skeleton_skull":2,"minecraft:lapis_lazuli":212,"minecraft:dirt":563,"minecraft:bone":60,"minecraft:bow":3,"minecraft:wheat_seeds":46,"minecraft:raw_gold":133,"minecraft:bell":3,"minecraft:moss_block":2,"minecraft:stone_hoe":1,"minecraft:oak_planks":56,"minecraft:cooked_porkchop":2,"minecraft:poisonous_potato":1,"minecraft:sand":4,"minecraft:grass_block":128,"minecraft:barrel":6,"minecraft:mossy_cobblestone":3,"minecraft:iron_hoe":1,"minecraft:diamond":49,"minecraft:granite":240,"minecraft:golden_apple":4,"minecraft:bread":193,"minecraft:emerald":20,"minecraft:oak_sapling":1,"minecraft:diamond_pickaxe":3,"minecraft:crafting_table":23,"minecraft:coarse_dirt":20,"minecraft:chicken":1,"minecraft:ladder":2,"minecraft:clay_ball":36,"minecraft:leather_leggings":1,"minecraft:wooden_pickaxe":1,"minecraft:shield":6,"minecraft:brick":6,"minecraft:iron_axe":1,"minecraft:wooden_sword":1,"minecraft:flint_and_steel":1,"minecraft:iron_shovel":3,"minecraft:blackstone":230,"minecraft:beef":36,"minecraft:iron_nugget":1,"minecraft:sugar_cane":7,"minecraft:chest":3,"minecraft:birch_sapling":1,"minecraft:egg":3,"minecraft:raw_iron":316,"minecraft:oak_door":28,"minecraft:copper_ingot":2,"minecraft:bowl":5,"minecraft:carrot":1,"minecraft:tnt":25,"minecraft:diamond_chestplate":1,"minecraft:arrow":63,"minecraft:stone_shovel":3,"minecraft:beetroot_seeds":4,"minecraft:diamond_boots":1,"witherstormmod:withered_flesh":1,"minecraft:hay_block":22,"minecraft:mutton":29,"minecraft:white_wool":28,"minecraft:stripped_oak_log":20,"minecraft:yellow_shulker_box":19,"minecraft:leather":28,"minecraft:birch_planks":68,"minecraft:oak_log":12,"minecraft:gunpowder":3,"minecraft:apple":64,"minecraft:kelp":14,"minecraft:iron_ingot":27,"minecraft:stone_pickaxe":6,"minecraft:cobweb":2,"minecraft:glass_bottle":6,"minecraft:gray_bed":2,"minecraft:iron_sword":10,"minecraft:smooth_basalt":16,"minecraft:sweet_berries":48,"minecraft:dandelion":1,"minecraft:gravel":30,"minecraft:birch_stairs":9,"minecraft:amethyst_shard":16,"minecraft:spruce_sapling":10,"minecraft:white_bed":7,"minecraft:spruce_log":45,"minecraft:spruce_door":6,"minecraft:spider_eye":4,"minecraft:leather_helmet":2,"minecraft:pumpkin_seeds":1,"minecraft:stone_axe":3,"minecraft:iron_helmet":3,"minecraft:black_wool":2,"minecraft:coal":363,"minecraft:sunflower":1},"minecraft:broken":{"minecraft:stone_shovel":3,"minecraft:iron_pickaxe":4},"minecraft:used":{"minecraft:moss_block":2,"witherstormmod:withered_flesh":1,"minecraft:ladder":1,"minecraft:chest":10,"minecraft:shield":70,"minecraft:iron_sword":288,"minecraft:bell":1,"minecraft:iron_chestplate":3,"minecraft:mutton":4,"minecraft:carrot":31,"minecraft:tuff":2,"minecraft:grass_block":126,"minecraft:iron_helmet":4,"minecraft:magma_block":3,"minecraft:sweet_berries":4,"minecraft:furnace":12,"minecraft:stone_pickaxe":283,"minecraft:oak_planks":23,"minecraft:blackstone":15,"minecraft:leather_chestplate":2,"minecraft:wooden_pickaxe":31,"minecraft:golden_apple":3,"minecraft:sand":1,"minecraft:bread":107,"minecraft:brown_wool":1,"minecraft:gravel":4,"minecraft:wooden_sword":33,"minecraft:coarse_dirt":11,"minecraft:stone_sword":28,"minecraft:stone_shovel":485,"minecraft:oak_door":22,"minecraft:torch":173,"minecraft:dirt":504,"minecraft:granite":10,"minecraft:iron_hoe":4,"minecraft:iron_axe":48,"minecraft:iron_boots":4,"minecraft:smooth_basalt":12,"minecraft:diamond_chestplate":1,"minecraft:beef":6,"minecraft:cobbled_deepslate":59,"minecraft:iron_leggings":2,"minecraft:birch_planks":16,"minecraft:yellow_shulker_box":4,"minecraft:baked_potato":2,"minecraft:tnt":2,"minecraft:crafting_table":20,"minecraft:white_bed":6,"minecraft:smoker":1,"minecraft:diamond_pickaxe":34,"minecraft:apple":37,"minecraft:chicken":1,"minecraft:suspicious_stew":1,"minecraft:iron_pickaxe":1241,"minecraft:leather_helmet":1,"minecraft:spruce_sapling":1,"minecraft:stone_axe":103,"minecraft:pink_petals":1,"minecraft:cobblestone":156,"minecraft:potion":1,"minecraft:cooked_porkchop":11,"minecraft:porkchop":35},"minecraft:crafted":{"minecraft:oak_planks":144,"minecraft:iron_boots":3,"minecraft:chest":9,"minecraft:cooked_porkchop":11,"minecraft:crafting_table":8,"minecraft:spruce_planks":60,"minecraft:iron_helmet":3,"minecraft:wooden_pickaxe":4,"minecraft:baked_potato":2,"minecraft:birch_planks":168,"minecraft:iron_chestplate":3,"minecraft:diamond_pickaxe":2,"minecraft:shield":3,"minecraft:stick":92,"minecraft:iron_ingot":131,"minecraft:iron_pickaxe":9,"minecraft:stone_sword":2,"minecraft:wooden_sword":1,"minecraft:oak_door":9,"minecraft:stone_shovel":4,"minecraft:furnace":8,"minecraft:iron_axe":2,"minecraft:iron_hoe":1,"minecraft:stone_pickaxe":7,"minecraft:wheat":198,"minecraft:iron_sword":2,"minecraft:stone_axe":2,"minecraft:bread":66,"minecraft:air":0,"minecraft:iron_leggings":3,"minecraft:torch":60},"minecraft:custom":{"minecraft:interact_with_crafting_table":94,"minecraft:open_barrel":18,"minecraft:open_shulker_box":24,"minecraft:bell_ring":10,"minecraft:leave_game":13,"minecraft:time_since_death":18863,"minecraft:sprint_one_cm":981472,"minecraft:damage_blocked_by_shield":5895,"minecraft:drop":183,"minecraft:play_time":492815,"minecraft:deaths":15,"minecraft:jump":11767,"minecraft:walk_on_water_one_cm":118061,"minecraft:interact_with_furnace":156,"minecraft:sleep_in_bed":7,"minecraft:damage_dealt":12781,"minecraft:crouch_one_cm":51759,"minecraft:interact_with_smoker":4,"minecraft:mob_kills":95,"minecraft:climb_one_cm":18955,"minecraft:walk_one_cm":1078000,"minecraft:sneak_time":22171,"minecraft:walk_under_water_one_cm":90587,"minecraft:total_world_time":492815,"minecraft:time_since_rest":18927,"minecraft:damage_taken":10178,"minecraft:damage_absorbed":20,"minecraft:swim_one_cm":345508,"minecraft:fly_one_cm":2544387,"minecraft:open_chest":185,"minecraft:fall_one_cm":390700},"minecraft:dropped":{"minecraft:iron_sword":2,"minecraft:glass_bottle":1,"minecraft:leather_helmet":2,"minecraft:dirt":10,"minecraft:wooden_sword":1,"minecraft:iron_pickaxe":4,"minecraft:bone":12,"minecraft:oak_door":3,"minecraft:stone_axe":3,"minecraft:cobbled_deepslate":17,"minecraft:honey_bottle":2,"minecraft:leather_chestplate":1,"minecraft:ladder":1,"minecraft:arrow":7,"minecraft:stone_hoe":1,"minecraft:iron_ingot":5,"minecraft:bread":20,"minecraft:wheat_seeds":15,"minecraft:tnt":6,"minecraft:iron_helmet":2,"minecraft:feather":1,"minecraft:cobblestone":39,"minecraft:apple":26,"minecraft:granite":2,"minecraft:acacia_log":3,"minecraft:grass_block":19,"minecraft:coal":32,"minecraft:stick":8,"minecraft:torch":4,"minecraft:gray_bed":1,"minecraft:yellow_shulker_box":3,"minecraft:iron_leggings":1,"minecraft:iron_axe":1,"minecraft:string":8,"minecraft:kelp":1,"minecraft:coarse_dirt":3,"minecraft:stone_sword":9,"minecraft:bowl":1,"minecraft:stone_shovel":2,"minecraft:iron_boots":1,"minecraft:shield":2,"minecraft:spruce_planks":4,"minecraft:iron_chestplate":2,"minecraft:diamond_pickaxe":2,"minecraft:spruce_log":6,"minecraft:stone_pickaxe":7,"minecraft:wooden_pickaxe":2,"minecraft:calcite":1},"minecraft:killed_by":{"minecraft:creeper":1,"minecraft:cave_spider":1,"witherstormmod:wither_storm":1,"minecraft:skeleton":3},"minecraft:killed":{"minecraft:spider":8,"minecraft:skeleton":9,"minecraft:pig":19,"minecraft:creeper":1,"minecraft:sheep":21,"minecraft:zombie":15,"minecraft:cow":12,"minecraft:drowned":7,"minecraft:villager":1}},"DataVersion":3465}