{"stats":{"minecraft:killed":{"minecraft:illusioner":2},"minecraft:killed_by":{"minecraft:player":1},"minecraft:dropped":{"minecraft:netherite_sword":1,"minecraft:sticky_piston":1,"minecraft:netherite_helmet":2,"minecraft:netherite_chestplate":5,"minecraft:cobblestone":1,"minecraft:lantern":1,"minecraft:stripped_oak_log":1,"bosses_of_mass_destruction:crystal_fruit":64,"minecraft:command_block":1,"bosses_of_mass_destruction:levitation_block":64,"bosses_of_mass_destruction:ancient_anima":1,"minecraft:grass_block":1,"minecraft:netherite_leggings":2,"minecraft:cobblestone_stairs":1,"minecraft:lava_bucket":1,"minecraft:poppy":1,"minecraft:stone":3,"bosses_of_mass_destruction:brimstone_nectar":64,"minecraft:spruce_planks":1,"minecraft:repeater":1,"bosses_of_mass_destruction:void_lily":65,"minecraft:netherite_boots":4,"minecraft:redstone_torch":65,"minecraft:stone_pressure_plate":3,"minecraft:stone_bricks":1,"minecraft:bamboo":1,"minecraft:bone_meal":1,"minecraft:bow":1,"minecraft:pink_petals":1,"minecraft:redstone":3},"minecraft:used":{"minecraft:mangrove_leaves":13,"minecraft:water_bucket":8,"minecraft:netherite_sword":3,"bosses_of_mass_destruction:crystal_fruit":1,"minecraft:redstone":83,"minecraft:netherite_chestplate":15,"minecraft:poppy":2,"minecraft:shield":6,"minecraft:stone":264,"minecraft:redstone_block":23,"bosses_of_mass_destruction:void_lily":3,"minecraft:netherite_leggings":3,"minecraft:netherite_helmet":2,"minecraft:redstone_torch":6,"minecraft:sticky_piston":5,"minecraft:glass":10,"minecraft:lava_bucket":18,"minecraft:mangrove_log":7,"minecraft:command_block":54,"minecraft:lantern":26,"minecraft:grass_block":37,"minecraft:barrier":241,"minecraft:cherry_button":5,"minecraft:stone_bricks":22,"minecraft:netherite_boots":2,"minecraft:repeater":2,"bosses_of_mass_destruction:levitation_block":2,"minecraft:stone_pressure_plate":8},"minecraft:picked_up":{"minecraft:stripped_oak_log":2,"minecraft:pink_petals":9,"minecraft:netherite_boots":9,"minecraft:barrier":192,"minecraft:redstone_block":2,"minecraft:water_bucket":2,"minecraft:flint":4,"minecraft:lily_pad":1,"minecraft:light":1,"minecraft:cobblestone_stairs":1,"minecraft:netherite_leggings":6,"minecraft:flint_and_steel":2,"minecraft:sticky_piston":3,"minecraft:bow":4,"minecraft:wheat_seeds":3,"minecraft:netherite_sword":14,"minecraft:spruce_planks":1,"bosses_of_mass_destruction:void_lily":1,"minecraft:poppy":1,"minecraft:bamboo":1,"minecraft:cherry_button":4,"minecraft:mossy_stone_brick_stairs":2,"minecraft:stone":2,"minecraft:torch":1,"minecraft:netherite_shovel":1,"bosses_of_mass_destruction:void_thorn":1,"minecraft:grass_block":2,"minecraft:redstone":3,"minecraft:stone_pressure_plate":2,"minecraft:mangrove_leaves":1,"minecraft:tnt":4,"minecraft:quartz_block":1,"minecraft:command_block":3,"minecraft:netherite_helmet":5,"minecraft:bone_meal":1,"minecraft:cherry_sapling":1,"minecraft:netherite_chestplate":16,"minecraft:cobblestone":37},"minecraft:custom":{"minecraft:mob_kills":2,"minecraft:leave_game":2,"minecraft:time_since_death":3647,"minecraft:time_since_rest":3696,"minecraft:sprint_one_cm":40189,"minecraft:damage_taken":1715,"minecraft:walk_one_cm":178080,"minecraft:damage_blocked_by_shield":375,"minecraft:drop":52,"minecraft:damage_dealt":899,"minecraft:fly_one_cm":302576,"minecraft:player_kills":1,"minecraft:crouch_one_cm":40798,"minecraft:play_time":211032,"minecraft:deaths":7,"minecraft:sneak_time":13249,"minecraft:walk_under_water_one_cm":616,"minecraft:jump":716,"minecraft:walk_on_water_one_cm":2953,"minecraft:total_world_time":211032,"minecraft:fall_one_cm":1378}},"DataVersion":3465}