{"stats":{"minecraft:crafted":{"minecraft:oak_door":3,"minecraft:oak_planks":72,"minecraft:cooked_chicken":5,"minecraft:furnace":3,"minecraft:cooked_mutton":6,"minecraft:flint_and_steel":1,"minecraft:glass":3,"minecraft:iron_boots":1,"minecraft:iron_hoe":5,"minecraft:stone_pickaxe":3,"minecraft:chest":1,"minecraft:stone_hoe":2,"minecraft:glass_bottle":3,"minecraft:oak_slab":12,"minecraft:cooked_porkchop":3,"minecraft:crafting_table":2,"minecraft:wooden_pickaxe":1,"minecraft:iron_helmet":1,"minecraft:iron_sword":1,"minecraft:bucket":1,"minecraft:stone_axe":1,"minecraft:air":0,"minecraft:iron_chestplate":1,"minecraft:diamond_pickaxe":1,"minecraft:stick":40,"minecraft:iron_ingot":131,"minecraft:iron_pickaxe":3,"minecraft:iron_leggings":1,"minecraft:gold_ingot":48,"minecraft:composter":1,"minecraft:torch":28},"minecraft:killed_by":{"minecraft:creeper":1},"minecraft:mined":{"minecraft:tuff":15,"minecraft:white_bed":10,"minecraft:deepslate_diamond_ore":21,"minecraft:oak_door":7,"minecraft:sculk_vein":114,"minecraft:brewing_stand":2,"minecraft:obsidian":14,"minecraft:budding_amethyst":1,"minecraft:grass_block":4,"minecraft:spruce_leaves":7,"minecraft:composter":2,"minecraft:redstone_ore":3,"minecraft:sculk_catalyst":4,"minecraft:furnace":21,"minecraft:iron_ore":80,"minecraft:cobbled_deepslate":9,"minecraft:fire":19,"minecraft:andesite":23,"minecraft:deepslate_lapis_ore":14,"minecraft:sculk_shrieker":4,"minecraft:deepslate_iron_ore":82,"minecraft:stone":96,"minecraft:yellow_shulker_box":11,"minecraft:deepslate_redstone_ore":34,"minecraft:amethyst_cluster":4,"minecraft:powder_snow":2,"minecraft:oak_fence":2,"minecraft:crafting_table":26,"minecraft:torch":17,"minecraft:emerald_ore":2,"minecraft:calcite":34,"minecraft:sculk_sensor":17,"minecraft:tall_grass":1,"minecraft:cobblestone":162,"minecraft:deepslate_coal_ore":17,"minecraft:lapis_ore":10,"minecraft:deepslate_gold_ore":49,"minecraft:sculk":1309,"minecraft:diorite":84,"minecraft:wall_torch":3,"minecraft:amethyst_block":8,"minecraft:coarse_dirt":5,"minecraft:sweet_berry_bush":20,"minecraft:birch_leaves":3,"minecraft:grass":2,"minecraft:oak_log":18,"minecraft:coal_ore":48,"minecraft:oak_fence_gate":1,"minecraft:gravel":43,"minecraft:sand":3,"minecraft:dirt":10,"minecraft:smooth_basalt":4,"minecraft:oak_leaves":1,"minecraft:deepslate":303},"minecraft:broken":{"minecraft:stone_hoe":1,"minecraft:stone_pickaxe":1,"minecraft:iron_pickaxe":2,"minecraft:iron_hoe":5},"minecraft:killed":{"minecraft:spider":1,"minecraft:skeleton":5,"minecraft:chicken":7,"minecraft:pig":6,"minecraft:sheep":6,"minecraft:zombie":5},"minecraft:picked_up":{"minecraft:crafting_table":27,"minecraft:coarse_dirt":4,"minecraft:chicken":5,"minecraft:wooden_pickaxe":1,"minecraft:brewing_stand":3,"minecraft:shield":1,"minecraft:amethyst_block":8,"minecraft:wooden_sword":1,"minecraft:cobbled_deepslate":297,"minecraft:calcite":30,"minecraft:furnace":25,"minecraft:egg":7,"minecraft:stick":2,"minecraft:raw_iron":183,"minecraft:oak_door":8,"minecraft:composter":2,"minecraft:oak_fence":2,"minecraft:torch":49,"minecraft:porkchop":3,"minecraft:diorite":89,"minecraft:redstone":158,"minecraft:arrow":3,"minecraft:rotten_flesh":8,"minecraft:gold_ingot":1,"minecraft:obsidian":14,"minecraft:mutton":9,"minecraft:snowball":8,"minecraft:white_wool":7,"minecraft:cobblestone":271,"minecraft:yellow_shulker_box":22,"minecraft:leather_chestplate":1,"minecraft:feather":9,"minecraft:andesite":22,"minecraft:flint":11,"minecraft:tuff":12,"minecraft:oak_log":29,"minecraft:gunpowder":4,"minecraft:lapis_lazuli":161,"minecraft:dirt":59,"minecraft:cooked_mutton":5,"minecraft:bone":5,"minecraft:bow":1,"minecraft:wheat_seeds":5,"minecraft:raw_gold":49,"minecraft:stone_pickaxe":1,"minecraft:oak_fence_gate":1,"minecraft:iron_ingot":31,"minecraft:cooked_chicken":9,"minecraft:stone_hoe":1,"minecraft:oak_planks":34,"minecraft:oak_slab":5,"minecraft:smooth_basalt":4,"minecraft:cooked_porkchop":13,"minecraft:sweet_berries":52,"minecraft:gravel":65,"minecraft:sand":3,"minecraft:amethyst_shard":16,"minecraft:white_bed":12,"minecraft:diamond":53,"minecraft:stone_axe":1,"minecraft:golden_apple":1,"minecraft:emerald":2,"minecraft:netherrack":5,"minecraft:coal":391},"minecraft:used":{"minecraft:flint_and_steel":23,"minecraft:chest":1,"minecraft:shield":15,"minecraft:iron_sword":38,"minecraft:cooked_chicken":9,"minecraft:rotten_flesh":8,"minecraft:stone_hoe":141,"minecraft:iron_chestplate":1,"minecraft:oak_door":8,"minecraft:torch":101,"minecraft:brewing_stand":1,"minecraft:dirt":27,"minecraft:tuff":12,"minecraft:snowball":8,"minecraft:obsidian":10,"minecraft:oak_fence_gate":1,"minecraft:iron_hoe":1250,"minecraft:lava_bucket":14,"minecraft:iron_helmet":1,"minecraft:iron_boots":1,"minecraft:sweet_berries":92,"minecraft:furnace":23,"minecraft:egg":7,"minecraft:cobbled_deepslate":129,"minecraft:iron_leggings":1,"minecraft:cooked_mutton":7,"minecraft:calcite":18,"minecraft:water_bucket":24,"minecraft:diorite":33,"minecraft:glass_bottle":3,"minecraft:yellow_shulker_box":11,"minecraft:stone_pickaxe":251,"minecraft:wooden_pickaxe":3,"minecraft:composter":2,"minecraft:white_wool":4,"minecraft:crafting_table":28,"minecraft:white_bed":11,"minecraft:diamond_pickaxe":182,"minecraft:iron_pickaxe":745,"minecraft:gravel":23,"minecraft:stone_axe":46,"minecraft:wooden_sword":50,"minecraft:cobblestone":235,"minecraft:andesite":22,"minecraft:bucket":42,"minecraft:coarse_dirt":2},"minecraft:dropped":{"minecraft:stone_hoe":2,"minecraft:oak_slab":10,"minecraft:wheat_seeds":5,"minecraft:cobblestone":7,"minecraft:feather":7,"minecraft:amethyst_block":8,"minecraft:flint":10,"minecraft:dirt":6,"minecraft:diorite":56,"minecraft:yellow_shulker_box":8,"minecraft:potion":3,"minecraft:wooden_sword":2,"minecraft:iron_pickaxe":1,"minecraft:smooth_basalt":4,"minecraft:bone":2,"minecraft:oak_door":3,"minecraft:gravel":42,"minecraft:furnace":2,"minecraft:sweet_berries":1,"minecraft:cobbled_deepslate":3,"minecraft:composter":1,"minecraft:leather_chestplate":2,"minecraft:wooden_pickaxe":2,"minecraft:stone_pickaxe":2,"minecraft:calcite":12},"minecraft:custom":{"minecraft:mob_kills":31,"minecraft:interact_with_crafting_table":44,"minecraft:open_shulker_box":23,"minecraft:leave_game":5,"minecraft:time_since_death":190866,"minecraft:sprint_one_cm":431311,"minecraft:walk_one_cm":273801,"minecraft:damage_blocked_by_shield":870,"minecraft:drop":64,"minecraft:play_time":210547,"minecraft:deaths":1,"minecraft:sneak_time":55858,"minecraft:walk_under_water_one_cm":12824,"minecraft:jump":3372,"minecraft:interact_with_brewingstand":2,"minecraft:walk_on_water_one_cm":32909,"minecraft:total_world_time":210547,"minecraft:interact_with_furnace":106,"minecraft:sleep_in_bed":6,"minecraft:time_since_rest":94837,"minecraft:damage_taken":1177,"minecraft:damage_dealt":2903,"minecraft:swim_one_cm":82051,"minecraft:fly_one_cm":295045,"minecraft:open_chest":12,"minecraft:crouch_one_cm":136803,"minecraft:fall_one_cm":56866}},"DataVersion":3465}