{"stats":{"minecraft:custom":{"minecraft:interact_with_anvil":11,"minecraft:mob_kills":3,"minecraft:interact_with_crafting_table":1,"minecraft:open_barrel":3,"minecraft:open_shulker_box":1,"minecraft:leave_game":12,"minecraft:time_since_death":85,"minecraft:damage_resisted":7974,"minecraft:climb_one_cm":1738,"minecraft:time_since_rest":113,"minecraft:sprint_one_cm":125999,"minecraft:walk_one_cm":138240,"minecraft:damage_taken":11597,"minecraft:damage_absorbed":11911,"minecraft:drop":54,"minecraft:damage_dealt":26890,"minecraft:fly_one_cm":790159,"minecraft:open_chest":2,"minecraft:crouch_one_cm":7473,"minecraft:play_time":111901,"minecraft:deaths":8,"minecraft:sneak_time":4051,"minecraft:jump":1086,"minecraft:interact_with_brewingstand":1,"minecraft:walk_on_water_one_cm":797,"minecraft:total_world_time":111901,"minecraft:fall_one_cm":15081},"minecraft:used":{"minecraft:moss_block":3,"minecraft:netherite_sword":195,"minecraft:yellow_shulker_box":1,"bosses_of_mass_destruction:crystal_fruit":1,"minecraft:redstone":1,"minecraft:oak_planks":1,"minecraft:stone":144,"bosses_of_mass_destruction:void_lily":1,"minecraft:anvil":4,"minecraft:vine":8,"minecraft:warden_spawn_egg":11,"minecraft:sticky_piston":2,"minecraft:lava_bucket":1,"minecraft:grass_block":4,"minecraft:totem_of_undying":12,"minecraft:stone_bricks":69,"minecraft:bedrock":5,"minecraft:bow":37,"minecraft:bucket":1,"minecraft:stone_pressure_plate":3,"minecraft:powder_snow_bucket":1,"minecraft:enchanted_golden_apple":79},"minecraft:dropped":{"minecraft:enchanted_book":14,"minecraft:vine":1,"minecraft:deepslate":1,"bosses_of_mass_destruction:void_thorn":2,"minecraft:sticky_piston":1,"minecraft:netherite_helmet":4,"minecraft:netherite_chestplate":6,"minecraft:cobblestone":1,"minecraft:oak_planks":1,"bosses_of_mass_destruction:crystal_fruit":2,"minecraft:bedrock":2,"minecraft:grass_block":1,"minecraft:netherite_leggings":6,"minecraft:lava_bucket":1,"minecraft:stone":2,"minecraft:leather_boots":1,"bosses_of_mass_destruction:void_lily":1,"minecraft:netherite_boots":4,"minecraft:stone_pressure_plate":1,"minecraft:stone_bricks":1,"minecraft:bucket":1,"minecraft:redstone":1,"minecraft:firework_rocket":1},"minecraft:broken":{"minecraft:netherite_helmet":2,"minecraft:netherite_boots":1},"minecraft:picked_up":{"minecraft:netherite_boots":2,"minecraft:yellow_shulker_box":1,"minecraft:enchanted_book":7,"minecraft:netherite_leggings":2,"minecraft:leather_boots":1,"minecraft:netherite_ingot":54,"minecraft:bow":2,"minecraft:netherite_sword":6,"bosses_of_mass_destruction:void_lily":1,"minecraft:enchanted_golden_apple":110,"minecraft:sculk_catalyst":2,"bosses_of_mass_destruction:crystal_fruit":3,"bosses_of_mass_destruction:void_thorn":2,"minecraft:spectral_arrow":337,"minecraft:netherite_helmet":2,"minecraft:totem_of_undying":14,"minecraft:netherite_chestplate":4},"minecraft:killed_by":{"minecraft:warden":4,"minecraft:player":1,"minecraft:skeleton":1,"bosses_of_mass_destruction:void_blossom":1},"minecraft:mined":{"minecraft:sculk_sensor":2,"minecraft:tall_grass":1,"minecraft:sculk":1,"bosses_of_mass_destruction:void_lily":1,"minecraft:grass":1,"minecraft:sculk_shrieker":1,"minecraft:yellow_shulker_box":1},"minecraft:killed":{"bosses_of_mass_destruction:void_blossom":1,"minecraft:warden":2}},"DataVersion":3465}