{"stats":{"minecraft:crafted":{"minecraft:cherry_planks":16,"minecraft:furnace":2,"minecraft:diamond_helmet":1,"minecraft:diamond_leggings":1,"minecraft:iron_boots":1,"minecraft:iron_axe":1,"minecraft:stone_pickaxe":1,"minecraft:chest":7,"minecraft:diamond_boots":1,"minecraft:birch_door":3,"minecraft:diamond_sword":1,"minecraft:diamond_axe":1,"minecraft:crafting_table":2,"minecraft:wooden_pickaxe":1,"minecraft:iron_sword":1,"minecraft:bucket":1,"minecraft:birch_planks":152,"minecraft:air":0,"minecraft:diamond_pickaxe":1,"minecraft:stick":28,"minecraft:iron_ingot":20,"minecraft:iron_pickaxe":1,"minecraft:iron_leggings":1,"minecraft:birch_stairs":4,"minecraft:diamond_chestplate":1},"minecraft:killed_by":{"minecraft:piglin_brute":1,"minecraft:spider":2,"minecraft:enderman":1},"minecraft:mined":{"minecraft:diamond_ore":64,"minecraft:tuff":4,"minecraft:deepslate_diamond_ore":2,"minecraft:cherry_log":4,"minecraft:grass_block":2,"minecraft:spruce_leaves":2,"minecraft:large_fern":1,"minecraft:polished_blackstone_bricks":1,"minecraft:furnace":1,"minecraft:iron_ore":70,"minecraft:cobbled_deepslate":14,"minecraft:barrel":1,"minecraft:andesite":17,"minecraft:packed_ice":4,"minecraft:white_tulip":1,"minecraft:stone":38,"minecraft:yellow_shulker_box":17,"minecraft:podzol":1,"minecraft:birch_stairs":1,"minecraft:blackstone":3,"minecraft:powder_snow":24,"minecraft:crafting_table":4,"minecraft:torch":4,"minecraft:sculk_sensor":1,"minecraft:tall_grass":26,"minecraft:cobblestone":135,"minecraft:deepslate_coal_ore":11,"minecraft:wall_torch":8,"minecraft:cauldron":2,"minecraft:pink_petals":1,"minecraft:coarse_dirt":2,"minecraft:birch_log":38,"minecraft:sweet_berry_bush":19,"minecraft:gray_bed":1,"minecraft:birch_leaves":8,"minecraft:grass":35,"minecraft:oak_log":5,"minecraft:sunflower":1,"minecraft:dirt":1,"minecraft:netherrack":1,"minecraft:oak_leaves":1,"minecraft:deepslate_emerald_ore":2,"minecraft:deepslate":2},"minecraft:killed":{"minecraft:spider":1,"minecraft:skeleton":5,"minecraft:horse":1,"minecraft:piglin":3,"minecraft:pig":1,"minecraft:zombie_villager":1,"minecraft:sheep":9,"minecraft:pillager":1,"minecraft:zombie":5,"minecraft:villager":1,"minecraft:cow":4,"minecraft:enderman":1},"minecraft:picked_up":{"minecraft:wooden_axe":1,"minecraft:crafting_table":4,"minecraft:iron_chestplate":1,"minecraft:coarse_dirt":3,"minecraft:purple_wool":26,"minecraft:anvil":1,"minecraft:leather_leggings":1,"minecraft:shield":2,"minecraft:iron_axe":1,"minecraft:large_fern":2,"minecraft:wooden_sword":1,"minecraft:iron_leggings":1,"minecraft:blackstone":3,"minecraft:deepslate_tiles":1,"minecraft:diamond_leggings":1,"minecraft:cobbled_deepslate":29,"minecraft:beef":9,"minecraft:white_tulip":1,"minecraft:iron_pickaxe":1,"minecraft:iron_boots":2,"minecraft:furnace":1,"minecraft:stick":1,"minecraft:raw_iron":78,"minecraft:torch":396,"easy_npc:iron_golem_spawn_egg":1,"minecraft:porkchop":2,"minecraft:polished_blackstone_bricks":1,"minecraft:cherry_log":4,"minecraft:dirt_path":1,"minecraft:cauldron":2,"minecraft:stone_sword":1,"witherstormmod:tainted_skeleton_wall":1,"minecraft:arrow":3,"minecraft:stone_shovel":2,"minecraft:rotten_flesh":5,"minecraft:diamond_chestplate":1,"minecraft:mutton":13,"minecraft:snowball":16,"minecraft:white_wool":8,"minecraft:cobblestone":203,"minecraft:birch_log":69,"minecraft:yellow_shulker_box":71,"minecraft:leather_chestplate":2,"minecraft:andesite":16,"minecraft:leather":6,"minecraft:tuff":5,"minecraft:oak_log":5,"minecraft:wither_skeleton_skull":1,"minecraft:dirt":100,"minecraft:leather_boots":1,"minecraft:bone":3,"minecraft:bow":1,"minecraft:wheat_seeds":6,"minecraft:iron_ingot":1,"minecraft:stone_pickaxe":1,"minecraft:iron_ore":64,"minecraft:gray_bed":1,"minecraft:stone_hoe":1,"minecraft:iron_sword":1,"minecraft:sweet_berries":48,"minecraft:birch_stairs":1,"minecraft:grass_block":65,"minecraft:barrel":1,"minecraft:leather_helmet":1,"minecraft:diamond":172,"minecraft:stone_axe":1,"minecraft:iron_helmet":2,"minecraft:netherrack":1,"minecraft:emerald":2,"minecraft:black_wool":2,"minecraft:coal":11},"minecraft:used":{"minecraft:stone_sword":16,"minecraft:white_tulip":1,"minecraft:flint_and_steel":17,"armoroftheages:anubis_armor_legs":1,"minecraft:red_concrete":2,"minecraft:stone_shovel":4,"armoroftheages:o_yoroi_armor_head":1,"minecraft:oak_sign":3,"minecraft:chest":22,"minecraft:spruce_planks":26,"minecraft:shield":40,"minecraft:iron_sword":97,"minecraft:stone":42,"minecraft:rotten_flesh":2,"minecraft:torch":65,"minecraft:soul_sand":96,"minecraft:dirt":2,"bosses_of_mass_destruction:monolith_block":4,"minecraft:mutton":2,"minecraft:anvil":2,"minecraft:stone_stairs":1,"armoroftheages:iron_plate_armor_chest":1,"bosses_of_mass_destruction:mob_ward":5,"minecraft:obsidian":14,"minecraft:stripped_spruce_log":4,"minecraft:birch_door":3,"minecraft:iron_block":41,"minecraft:iron_axe":70,"minecraft:grass_block":172,"armoroftheages:anubis_armor_head":1,"easy_npc:illusioner_spawn_egg":5,"minecraft:cherry_leaves":10,"easy_npc:villager_spawn_egg":3,"minecraft:golden_carrot":22,"minecraft:diamond_chestplate":1,"minecraft:bow":2,"minecraft:furnace":2,"minecraft:cobbled_deepslate":5,"easy_npc:orc_warrior_spawn_egg":1,"minecraft:iron_ore":64,"minecraft:dirt_path":136,"minecraft:snow_block":5,"armoroftheages:iron_plate_armor_head":1,"minecraft:wither_skeleton_skull":5,"minecraft:birch_planks":20,"minecraft:stone_pickaxe":70,"minecraft:yellow_shulker_box":23,"minecraft:blackstone":3,"minecraft:wooden_pickaxe":6,"minecraft:leather_chestplate":3,"minecraft:cherry_planks":16,"minecraft:beacon":4,"minecraft:golden_apple":11,"armoroftheages:o_yoroi_armor_chest":1,"armoroftheages:o_yoroi_armor_feet":1,"minecraft:tnt":63,"minecraft:crafting_table":3,"minecraft:deepslate_tiles":627,"minecraft:black_wool":9,"armoroftheages:o_yoroi_armor_legs":1,"armoroftheages:anubis_armor_chest":1,"easy_npc:iron_golem_spawn_egg":6,"minecraft:diamond_pickaxe":35,"minecraft:apple":4,"minecraft:command_block":1,"minecraft:bread":5,"minecraft:iron_pickaxe":277,"armoroftheages:anubis_armor_feet":1,"minecraft:diamond_ore":64,"minecraft:magenta_stained_glass_pane":33,"minecraft:stone_axe":1,"minecraft:diamond_sword":24,"minecraft:wooden_sword":9,"minecraft:cobblestone":50,"bosses_of_mass_destruction:levitation_block":1,"minecraft:diamond_leggings":1,"minecraft:purple_wool":92,"minecraft:purple_carpet":3,"minecraft:birch_stairs":13},"minecraft:dropped":{"minecraft:stone_hoe":1,"minecraft:iron_sword":2,"minecraft:soul_sand":64,"minecraft:birch_planks":1,"minecraft:lapis_lazuli":62,"minecraft:diamond":52,"minecraft:diamond_leggings":1,"minecraft:cobblestone":133,"minecraft:iron_helmet":3,"minecraft:leather":9,"minecraft:apple":64,"minecraft:command_block":1,"minecraft:grass_block":1,"minecraft:coal":43,"minecraft:leather_helmet":1,"minecraft:golden_apple":1,"minecraft:flint":1,"minecraft:emerald":5,"minecraft:golden_carrot":10,"minecraft:torch":384,"minecraft:wooden_axe":1,"minecraft:yellow_shulker_box":2,"minecraft:iron_leggings":2,"minecraft:wooden_sword":1,"minecraft:iron_axe":2,"minecraft:iron_pickaxe":2,"minecraft:birch_log":31,"minecraft:stone_axe":1,"minecraft:blackstone":64,"minecraft:stone_sword":1,"witherstormmod:tainted_skeleton_wall":1,"minecraft:cobbled_deepslate":1,"minecraft:raw_iron":72,"minecraft:stone_shovel":2,"minecraft:wither_skeleton_skull":1,"minecraft:iron_boots":3,"easy_npc:iron_golem_spawn_egg":1,"minecraft:white_terracotta":2,"minecraft:carrot":64,"minecraft:diamond_sword":1,"minecraft:leather_chestplate":2,"minecraft:potato":4,"minecraft:deepslate_tiles":1,"minecraft:stone":1,"minecraft:shield":3,"minecraft:diamond_chestplate":1,"minecraft:iron_chestplate":2,"minecraft:leather_boots":1,"minecraft:chest":2,"minecraft:leather_leggings":1,"minecraft:spruce_log":6,"minecraft:iron_ore":64,"minecraft:stone_pickaxe":1,"minecraft:black_wool":1},"minecraft:custom":{"minecraft:interact_with_anvil":1,"minecraft:mob_kills":36,"minecraft:interact_with_crafting_table":25,"minecraft:open_barrel":2,"minecraft:open_shulker_box":46,"minecraft:leave_game":16,"minecraft:time_since_death":966,"minecraft:climb_one_cm":34,"minecraft:sprint_one_cm":565259,"minecraft:walk_one_cm":464246,"minecraft:damage_blocked_by_shield":2266,"minecraft:drop":99,"minecraft:talked_to_villager":3,"minecraft:play_time":343528,"minecraft:sneak_time":17929,"minecraft:deaths":14,"minecraft:walk_under_water_one_cm":5078,"minecraft:jump":5829,"minecraft:walk_on_water_one_cm":7430,"minecraft:total_world_time":343528,"minecraft:interact_with_furnace":19,"minecraft:sleep_in_bed":1,"minecraft:time_since_rest":994,"minecraft:damage_absorbed":280,"minecraft:damage_taken":4322,"minecraft:damage_dealt":6222,"minecraft:interact_with_beacon":4,"minecraft:swim_one_cm":1561,"minecraft:fly_one_cm":2577003,"minecraft:open_chest":84,"minecraft:crouch_one_cm":57798,"minecraft:fall_one_cm":131566}},"DataVersion":3465}