{"stats":{"minecraft:picked_up":{"minecraft:shelter_pottery_sherd":2,"minecraft:crafting_table":4,"minecraft:yellow_shulker_box":10,"minecraft:feather":9,"minecraft:chicken":6,"minecraft:leather":21,"minecraft:brown_wool":2,"minecraft:smoker":3,"minecraft:torchflower":1,"minecraft:oak_log":10,"minecraft:brick":3,"minecraft:dirt":10,"minecraft:string":1,"minecraft:orange_terracotta":18,"minecraft:blackstone":7,"minecraft:wheat_seeds":16,"minecraft:red_sand":5,"minecraft:beef":43,"minecraft:iron_ingot":1,"minecraft:calcite":17,"minecraft:moss_block":1,"minecraft:sugar_cane":6,"minecraft:furnace":2,"minecraft:egg":1,"minecraft:raw_iron":28,"minecraft:sheaf_pottery_sherd":1,"minecraft:stone_brick_slab":1,"minecraft:torch":2,"minecraft:sand":1,"minecraft:gravel":4,"minecraft:porkchop":2,"minecraft:birch_stairs":1,"minecraft:cherry_log":15,"minecraft:diorite":44,"minecraft:arrow":2,"minecraft:snort_pottery_sherd":1,"minecraft:angler_pottery_sherd":2,"minecraft:granite":132,"minecraft:yellow_terracotta":9,"minecraft:cherry_sapling":1,"minecraft:terracotta":2,"minecraft:black_wool":2,"minecraft:mutton":22,"minecraft:cobblestone":129,"minecraft:coal":141,"minecraft:snowball":9,"minecraft:white_wool":13},"minecraft:mined":{"minecraft:yellow_terracotta":9,"minecraft:birch_stairs":1,"minecraft:blackstone":7,"minecraft:snow_block":2,"minecraft:smoker":3,"minecraft:cherry_log":15,"minecraft:stone_brick_slab":1,"minecraft:orange_terracotta":15,"minecraft:crafting_table":4,"minecraft:torch":2,"minecraft:granite":98,"minecraft:red_sand":5,"minecraft:grass_block":4,"minecraft:calcite":17,"minecraft:decorated_pot":2,"minecraft:tall_grass":25,"minecraft:cobblestone":5,"minecraft:moss_block":1,"minecraft:sugar_cane":5,"minecraft:diorite":22,"minecraft:furnace":2,"minecraft:iron_ore":19,"minecraft:snow":1,"minecraft:torchflower":1,"minecraft:grass":120,"minecraft:coal_ore":53,"minecraft:oak_log":10,"minecraft:deepslate_iron_ore":3,"minecraft:cherry_leaves":3,"minecraft:sand":1,"minecraft:gravel":4,"minecraft:dirt":6,"minecraft:terracotta":3,"minecraft:fern":1,"minecraft:stone":124,"minecraft:yellow_shulker_box":7,"minecraft:oak_leaves":4,"minecraft:suspicious_gravel":2},"minecraft:broken":{"minecraft:iron_pickaxe":1},"minecraft:used":{"minecraft:cooked_mutton":4,"minecraft:stone_sword":59,"minecraft:stone_pickaxe":90,"minecraft:yellow_shulker_box":7,"minecraft:stone_shovel":16,"minecraft:shield":8,"minecraft:wooden_pickaxe":17,"minecraft:cooked_chicken":2,"minecraft:torch":18,"minecraft:dirt":1,"minecraft:terracotta":2,"minecraft:crafting_table":4,"minecraft:granite":2,"minecraft:smoker":3,"minecraft:iron_pickaxe":287,"minecraft:stone_axe":67,"minecraft:cobblestone":33,"minecraft:cooked_porkchop":2,"minecraft:furnace":2},"minecraft:crafted":{"minecraft:cooked_beef":38,"minecraft:cherry_planks":16,"minecraft:stone_shovel":1,"minecraft:cooked_porkchop":2,"minecraft:crafting_table":1,"minecraft:wooden_pickaxe":1,"minecraft:cooked_chicken":6,"minecraft:furnace":2,"minecraft:stone_axe":1,"minecraft:cooked_mutton":22,"minecraft:air":0,"minecraft:stick":16,"minecraft:iron_ingot":21,"minecraft:iron_pickaxe":2,"minecraft:stone_pickaxe":1,"minecraft:stone_sword":1,"minecraft:smoker":1},"minecraft:custom":{"minecraft:interact_with_furnace":12,"minecraft:mob_kills":45,"minecraft:interact_with_crafting_table":12,"minecraft:open_barrel":14,"minecraft:open_shulker_box":9,"minecraft:leave_game":1,"minecraft:time_since_death":68870,"minecraft:time_since_rest":68870,"minecraft:sprint_one_cm":182227,"minecraft:damage_taken":238,"minecraft:walk_one_cm":201591,"minecraft:damage_blocked_by_shield":885,"minecraft:drop":21,"minecraft:damage_dealt":3860,"minecraft:swim_one_cm":12565,"minecraft:talked_to_villager":1,"minecraft:fly_one_cm":252907,"minecraft:open_chest":1,"minecraft:crouch_one_cm":2412,"minecraft:play_time":68870,"minecraft:sneak_time":1278,"minecraft:walk_under_water_one_cm":2907,"minecraft:jump":1584,"minecraft:walk_on_water_one_cm":5527,"minecraft:total_world_time":68870,"minecraft:interact_with_smoker":19,"minecraft:fall_one_cm":43994},"minecraft:dropped":{"minecraft:gravel":4,"minecraft:blackstone":7,"minecraft:wheat_seeds":16,"minecraft:feather":4,"minecraft:cobblestone":14,"minecraft:granite":66,"minecraft:stick":3,"minecraft:dirt":3,"minecraft:diorite":44,"minecraft:orange_terracotta":18,"minecraft:cherry_planks":1,"minecraft:yellow_shulker_box":1,"minecraft:red_sand":4,"minecraft:wooden_pickaxe":1,"minecraft:angler_pottery_sherd":1,"minecraft:birch_stairs":1,"minecraft:black_wool":2},"minecraft:killed":{"minecraft:pig":1,"minecraft:spider":1,"minecraft:sheep":17,"minecraft:chicken":6,"minecraft:cow":20}},"DataVersion":3465}