{"stats":{"minecraft:mined":{"minecraft:podzol":1,"minecraft:furnace":4,"minecraft:birch_log":13,"minecraft:iron_ore":4,"minecraft:sweet_berry_bush":2,"minecraft:birch_leaves":1,"minecraft:crafting_table":2,"minecraft:grass":1,"minecraft:grass_block":5,"minecraft:coal_ore":30,"minecraft:dirt":4,"minecraft:tall_grass":1,"minecraft:cobblestone":4,"minecraft:deepslate_coal_ore":1,"minecraft:spruce_leaves":42,"minecraft:stone":71,"minecraft:yellow_shulker_box":4,"minecraft:wall_torch":2},"minecraft:picked_up":{"minecraft:birch_log":13,"minecraft:crafting_table":2,"minecraft:raw_iron":4,"minecraft:yellow_shulker_box":7,"minecraft:feather":2,"minecraft:chicken":3,"minecraft:sweet_berries":4,"minecraft:birch_slab":4,"minecraft:salmon":7,"minecraft:torch":2,"minecraft:porkchop":2,"minecraft:spruce_sapling":4,"minecraft:dirt":9,"minecraft:wheat_seeds":1,"minecraft:gray_wool":1,"minecraft:mutton":3,"minecraft:coal":80,"minecraft:white_wool":1,"minecraft:cobblestone":70,"minecraft:furnace":4},"minecraft:used":{"minecraft:cooked_mutton":1,"minecraft:stone_pickaxe":91,"minecraft:yellow_shulker_box":4,"minecraft:iron_pickaxe":4,"minecraft:wooden_pickaxe":31,"minecraft:leather_chestplate":1,"minecraft:cooked_chicken":3,"minecraft:torch":3,"minecraft:stone_axe":26,"minecraft:wooden_sword":2,"minecraft:dirt":7,"minecraft:cobblestone":30,"minecraft:crafting_table":3,"minecraft:furnace":4},"minecraft:crafted":{"minecraft:crafting_table":2,"minecraft:stick":8,"minecraft:wooden_pickaxe":1,"minecraft:iron_ingot":3,"minecraft:cooked_chicken":3,"minecraft:iron_pickaxe":1,"minecraft:stone_pickaxe":1,"minecraft:birch_slab":6,"minecraft:furnace":1,"minecraft:cooked_salmon":7,"minecraft:birch_planks":24,"minecraft:stone_axe":1,"minecraft:air":0,"minecraft:cooked_mutton":1},"minecraft:dropped":{"minecraft:yellow_shulker_box":1},"minecraft:custom":{"minecraft:time_since_rest":1035,"minecraft:interact_with_furnace":16,"minecraft:sprint_one_cm":76673,"minecraft:damage_taken":313,"minecraft:walk_one_cm":50745,"minecraft:mob_kills":16,"minecraft:drop":1,"minecraft:damage_dealt":940,"minecraft:swim_one_cm":21485,"minecraft:interact_with_crafting_table":5,"minecraft:fly_one_cm":143003,"minecraft:open_shulker_box":3,"minecraft:crouch_one_cm":13182,"minecraft:play_time":37371,"minecraft:deaths":1,"minecraft:sneak_time":5457,"minecraft:walk_under_water_one_cm":10188,"minecraft:jump":595,"minecraft:leave_game":9,"minecraft:time_since_death":971,"minecraft:walk_on_water_one_cm":5920,"minecraft:total_world_time":37371,"minecraft:fall_one_cm":12723},"minecraft:killed_by":{"minecraft:creeper":1},"minecraft:killed":{"minecraft:sheep":2,"minecraft:pig":1,"minecraft:chicken":3,"minecraft:salmon":9,"minecraft:creeper":1}},"DataVersion":3465}